cg19378133	A2BP1
cg03490200	A2ML1
cg09744051	A4GALT
cg17687282	A4GNT
cg25742201	AATF
cg00949442	ABCA3
cg21660392	ABCA8
cg01460479	ABCB10
cg22066521	ABCB5
cg17044311	ABCC2
cg11981631	ABCC8
cg20025970	ABCC9
cg08145177	ABHD8
cg05064181	ABLIM1
cg19816938	ABR
cg07005767	ABRA
cg18230771	ACAN
cg15298323	ACAT2
cg17610929	ACCN4
cg08559914	ACE2
cg25221254	ACER1
cg10266490	ACOT11
cg26780333	ACOT4
cg00400028	ACPL2
cg05615487	ACR
cg27087809	ACSBG1
cg06958829	ACSF2;CHAD
cg02257405	ACSL6
cg26825755	ACSM2B
cg20025656	ACTA1
cg26053864	ACTC1
cg08572611	ACTL6B
cg21376883	ACTN2
cg07940804	ACTRT1
cg09499849	ACVR1
cg16159313	ACY1
cg11668923	ADAM12
cg02998425	ADAM21
cg26258845	ADAM23
cg23131777	ADAM30
cg05847038	ADAM7
cg16786703	ADAM8
cg00472814	ADAMTS1
cg06994747	ADAMTS10
cg02503850	ADAMTS14
cg03238797	ADAMTS18
cg13701109	ADAMTS19
cg14409941	ADAMTS2
cg11243196	ADAMTS3
cg08190291	ADAMTS5
cg01033938	ADAMTS8
cg16714091	ADAMTSL1
cg11611600	ADAMTSL3
cg04601137	ADAMTSL5
cg05307923	ADARB2
cg07651242	ADCY1
cg04907257	ADCY2
cg12265829	ADCY4
cg13878010	ADCY5
cg13912117	ADCY8
cg03945800	ADCY9
cg07376535	ADCYAP1
cg27076139	ADCYAP1R1
cg08132931	ADD2
cg08090772	ADHFE1
cg14271690	ADIG
cg22461835	ADRA1A
cg11934695	ADRA1D
cg21542793	ADRA2B
cg10235817	ADRA2C
cg17619823	ADRB3
cg24113449	ADRBK2
cg02126753	AEBP1
cg27198824	AFF2
cg00398048	AGA
cg24768561	AGAP1
cg12726576	AGAP4
cg03038003	AGBL4;BEND5
cg17407908	AGER;PBX2
cg20530314	AGTR1
cg09745307	AGXT2
cg24727182	AGXT2L1
cg14387505	AHSP
cg21747271	AIP
cg17525406	AJAP1
cg06207460	AK3
cg26466094	AK5
cg11630242	AKAP10
cg01555431	AKAP12
cg18416881	AKR1B1
cg09272256	AKR1C4
cg09277575	AKR1D1
cg23625458	AKR7L
cg11314684	AKT3
cg14168975	ALAS2
cg25658980	ALDH16A1;PIH1D1
cg00930873	ALDH1A2
cg21359747	ALDH1A3
cg25375764	ALDH5A1
cg18277754	ALK
cg03760483	ALOX12
cg03742272	ALOX12B
cg15783800	ALPK2
cg07251857	ALPK3
cg20645065	ALPL
cg11052143	ALS2CR11
cg02409351	ALX1
cg26365854	ALX4
cg00115714	AMD1
cg07236190	AMDHD1
cg07376232	AMICA1
cg09616556	AMN
cg23523368	AMPD1
cg10293925	AMPH
cg20191453	AMT;NICN1
cg26507477	AMY1A
cg22215192	AMY2A
cg15484384	ANAPC13;CEP63
cg24670715	ANGPT2;MCPH1
cg26540515	ANGPT4
cg22150335	ANK3
cg01497527	ANKDD1A
cg21435336	ANKLE1
cg08321346	ANKMY1
cg14558138	ANKRD1
cg22468803	ANKRD12
cg15749322	ANKRD42
cg15883716	ANKRD45
cg22175764	ANKRD60
cg19372178	ANO7
cg11078738	ANTXR1
cg15831515	ANXA3
cg05155595	ANXA4
cg03399459	ANXA8L2
cg02144933	AOX1
cg04837997	AP3S2
cg23418591	APCDD1L
cg13968061	APCS
cg25072179	APLNR
cg01053621	APOA2
cg05921324	APOA4
cg16879115	APOBEC1
cg13119609	APOC2
cg04048249	APOC3
cg25017250	APOC4
cg03128832	APOL5
cg02813863	APOLD1
cg04551925	AQP1
cg01359534	AQP10
cg00729275	AQP4;C18orf16
cg23855989	AQP5
cg13246269	AQP7
cg11098259	AQP9
cg21966410	AR
cg24981018	ARC
cg25219333	ARFIP2;FXC1
cg23627134	ARHGAP15
cg12434779	ARHGAP6
cg10925082	ARHGDIB
cg04563996	ARHGEF3;SPATA12
cg20739508	ARHGEF6
cg00557354	ARHGEF7
cg27092035	ARL10
cg11673092	ARMC3
cg08555772	ARMC4
cg18731813	ARMCX1
cg22343001	ARMCX2
cg20085077	ARMCX4
cg05615150	ARPP-21
cg05587158	ARR3
cg11964613	ARSE
cg21407055	ART1
cg22437699	ARX
cg22843446	ASAM
cg00077877	ASAP1
cg25456959	ASB12
cg21038703	ASB16
cg17041296	ASB17
cg11698653	ASB5
cg06942536	ASB9
cg04183425	ASF1A
cg12951282	ASGR2
cg20857947	ASL
cg14659404	ASTN1
cg12024292	ASTN2
cg27383362	ATAD3C
cg19326876	ATP10A
cg07051960	ATP1A3
cg06200013	ATP1B2
cg14547335	ATP2B2
cg06123346	ATP4A
cg05823029	ATP4B
cg02491878	ATP6V0A4;TMEM213
cg05483509	ATP6V0C
cg27485921	ATP6V1E2
cg12958813	ATP6V1G3
cg18236477	ATP8A2
cg08190044	ATP8B2
cg23764381	ATRNL1
cg23051598	ATXN2L
cg15753757	AUTS2
cg12019109	AZGP1
cg12716838	B3GALNT1
cg19723473	B3GALT1
cg16608652	B3GALT2;CDC73
cg21418052	B3GALTL
cg11038843	B3GAT1
cg18403396	B3GAT2
cg24009736	B4GALNT1
cg10918202	BAALC;C8orf56
cg10244047	BAI3
cg15729869	BARHL1
cg17241310	BARHL2
cg23496260	BASP1;LOC285696
cg20910746	BBOX1
cg10764357	BCAT1
cg10073042	BCRL4
cg02214188	BDH2
cg16257091	BDNF
cg05730092	BEGAIN
cg19845843	BEND2
cg06744574	BEND5;AGBL4
cg21509846	BEX1
cg24765005	BEX2
cg20383064	BFSP2
cg02982690	BHLHE22
cg10660256	BHMT
cg03400060	BHMT2;DMGDH
cg26453588	BIK
cg11308639	BMP10
cg24526899	BMP4
cg25924032	BMS1
cg18952647	BNC1
cg22473973	BNIP3
cg10124201	BOLL
cg20630151	BPESC1
cg08254089	BPI
cg10968815	BPIL1
cg18223379	BPIL3
cg15016628	BRS3
cg14021073	BRSK2
cg06734812	BRUNOL5
cg07237830	BSCL2;GNG3
cg08510456	BSN
cg14603345	BTBD3
cg07011110	BTN1A1
cg05886367	BTNL9
cg14607011	C10orf125
cg02569613	C10orf72
cg01757745	C10orf93
cg04545708	C11orf1
cg00041575	C11orf21;TSPAN32
cg26198807	C11orf49
cg21674595	C12orf54
cg26718420	C12orf59
cg22367264	C12orf64
cg13614181	C13orf15
cg16384137	C13orf16
cg10923408	C13orf26
cg21624282	C13orf28
cg04513422	C13orf29
cg07409200	C13orf30
cg24891133	C13orf33
cg17906786	C13orf36
cg15247031	C14orf126
cg14912575	C14orf162
cg08675585	C14orf166B
cg06906435	C14orf177
cg27398547	C14orf39
cg04514469	C14orf49
cg03565081	C14orf93
cg17886204	C15orf51
cg26713220	C16orf45
cg00892393	C16orf73
cg19346899	C16orf75
cg12374721	C17orf93;PRAC
cg10054857	C18orf20
cg05245861	C18orf34
cg02449608	C19orf18
cg03996793	C19orf30
cg01129847	C19orf35
cg08367223	C19orf54;SNRPA
cg22477971	C1QB
cg00136477	C1QC
cg13818573	C1QL1
cg05585544	C1QTNF4
cg05538432	C1S
cg23166289	C1orf107
cg13958426	C1orf114
cg15485859	C1orf116
cg15459773	C1orf124;EXOC8
cg02327719	C1orf135
cg05767404	C1orf150
cg24338843	C1orf158
cg14925024	C1orf35
cg21715963	C1orf51
cg16307860	C1orf58;AIDA
cg00328227	C1orf59
cg08887581	C1orf64
cg05382123	C1orf94;CSMD2
cg14301635	C2
cg01144286	C20orf103
cg01143454	C20orf141;LOC100288797
cg27447740	C20orf166;C20orf200
cg16483466	C20orf186
cg09076077	C20orf197
cg11113534	C20orf70
cg01671881	C20orf71
cg03665785	C22orf31
cg17699374	C22orf33
cg21584430	C22orf45;ADORA2A
cg10613381	C22orf45;UPB1
cg08009711	C2CD2
cg10885338	C2orf40
cg19540408	C2orf57
cg09238677	C3AR1
cg22751696	C3orf14
cg08145590	C3orf15
cg02765820	C3orf22
cg22959932	C3orf32
cg04691961	C3orf57
cg11070419	C4BPA
cg22960952	C4orf26
cg02955988	C4orf29
cg08009831	C4orf34
cg00393585	C4orf39;TRIM61
cg20743744	C4orf42;CTBP1
cg25093045	C4orf50
cg02149446	C5AR1
cg24363955	C5orf23
cg12662162	C6orf106
cg02064106	C6orf118
cg21168884	C6orf122;C6orf208
cg25211525	C6orf145
cg16150435	C6orf15
cg15045441	C6orf155
cg00510787	C6orf211;RMND1
cg22284975	C7orf10;C7orf11
cg01353448	C7orf16
cg27508071	C7orf26
cg04999691	C7orf29;LRRC61
cg01758870	C7orf46
cg08626653	C7orf51
cg19528976	C7orf52
cg11161873	C7orf53
cg16648841	C8A
cg02332492	C8G
cg10371914	C8orf34
cg23704362	C8orf46
cg05000446	C9orf131
cg21120249	C9orf139;ABCA2
cg13085976	C9orf167
cg25344672	C9orf171
cg08578641	C9orf25;DNAI1
cg20083676	C9orf47;S1PR3
cg25018881	C9orf6;IKBKAP
cg27495908	C9orf79
cg19876444	CA2
cg18674980	CA3
cg12343082	CA5A
cg09422355	CABP5
cg20256494	CABP7
cg22187630	CACNA1A
cg05942574	CACNA1G
cg25760229	CACNA1H
cg17234150	CACNG3
cg10544564	CADM3
cg16893574	CALB2
cg08896945	CALCB
cg23239396	CALCR
cg09155001	CALHM1
cg06905514	CAMK2B
cg05497616	CAMK4
cg23668631	CAMKK1
cg16940108	CANX
cg27072323	CAP1
cg26937500	CARD11
cg14893129	CARD14
cg16250754	CARD6
cg23300372	CARTPT
cg14455991	CASK;GPR82
cg13802966	CASP1
cg01999333	CASP14
cg17092637	CASP4
cg26799474	CASP8
cg05190718	CASQ2
cg23606023	CBFA2T3
cg21902544	CBLN2
cg25993718	CBLN4
cg22633722	CBS
cg04398978	CBX4
cg02489552	CCDC105
cg12582959	CCDC106
cg11521325	CCDC114
cg22262140	CCDC116
cg14766682	CCDC120
cg18364088	CCDC14
cg18473117	CCDC22;CACNA1F
cg08670691	CCDC27
cg00891278	CCDC37
cg27585441	CCDC54
cg25346576	CCDC55;MIR423
cg02620769	CCDC65
cg15984661	CCDC8
cg21307628	CCDC80
cg16750914	CCDC88A
cg09424308	CCDC96;TADA2B
cg04824716	CCHCR1;TCF19
cg16864658	CCK
cg04353483	CCKAR
cg13346411	CCKBR
cg20556988	CCL1
cg24870391	CCL11
cg26548883	CCL14-CCL15;CCL15
cg08214029	CCL18
cg21109025	CCL2
cg09425228	CCL20
cg21743830	CCL25
cg15005385	CCL3L1
cg11207564	CCL3L3
cg25659818	CCL4
cg10315334	CCL5
cg02936263	CCL7
cg27000831	CCL8
cg13060997	CCNA1
cg04717045	CCND1
cg13144783	CCR1
cg09509673	CCR10;CNTNAP1
cg04111761	CCR3
cg03532005	CCT6A;PSPH
cg24568646	CCT8
cg07443748	CCT8L2
cg23442323	CD109
cg25358289	CD14
cg12207371	CD163
cg07950803	CD1A
cg04574507	CD1B
cg09478478	CD1E
cg20768743	CD226
cg10106388	CD244
cg00350296	CD248
cg04098585	CD28
cg24862483	CD300LG
cg19591881	CD34
cg26043257	CD38
cg25239996	CD40
cg22325572	CD53
cg24778383	CD70
cg12971694	CD72
cg21572897	CD80
cg11874272	CD86
cg17108819	CD8A
cg07139440	CDC42SE1;MLLT11
cg07446572	CDCA3
cg26185508	CDCP2
cg01058368	CDH10
cg12163490	CDH11
cg10303842	CDH12
cg12530080	CDH12;PMCHL1
cg08747377	CDH13
cg22679003	CDH2
cg18509435	CDH20
cg05822100	CDH6
cg04564030	CDH7
cg27444994	CDH8
cg12864235	CDH9
cg18241160	CDK11A
cg14695751	CDK15
cg07471052	CDK3;C17orf106
cg11368578	CDK5
cg01920829	CDK5R2
cg03143849	CDKN1C
cg09099744	CDKN2A
cg03079681	CDKN2A;CDKN2BAS
cg10210238	CDKN2B
cg08390209	CDKN2BAS;CDKN2B
cg12880658	CDO1
cg20657383	CEACAM1
cg13322449	CEACAM3
cg26813458	CEACAM6
cg02039171	CEBPE
cg18137704	CECR6
cg03693099	CEL
cg24030609	CELA2B
cg14238120	CELA3A
cg06268694	CELSR1
cg23706211	CELSR2
cg06621358	CELSR3
cg13969584	CENPBD1;AFG3L1
cg21492378	CEP110
cg01446692	CER1
cg07039362	CES7
cg17741572	CFB
cg23557926	CFH
cg25509184	CFTR
cg17164520	CGB1;SNAR-G1
cg06818777	CHAD;ACSF2
cg04044684	CHFR
cg12422450	CHGA
cg00903242	CHL1
cg02920216	CHODL
cg25182621	CHRD
cg12485020	CHRDL1
cg22994720	CHRDL2
cg07501965	CHRFAM7A
cg00973677	CHRM2
cg22927134	CHRM5
cg05649009	CHRNA1
cg04603031	CHRNA3
cg00318573	CHRNA4
cg07906724	CHRNA6
cg06840801	CHRNB3
cg01739167	CHRNE
cg15461516	CHST1
cg03853987	CHST10
cg00995327	CHST2
cg05535113	CHST4
cg13959523	CHST8
cg20950011	CIDEA
cg01351032	CIITA
cg05826823	CIZ1;DNM1
cg05786809	CKB
cg18254848	CLC
cg22181664	CLCA1
cg17922226	CLCN1
cg27210447	CLCNKA
cg21660130	CLCNKB
cg20449692	CLDN11
cg11099899	CLDN14
cg02512860	CLDN15
cg17298704	CLDN18
cg04052038	CLDN8
cg10282491	CLDN9
cg01472101	CLEC10A
cg20308817	CLEC11A
cg11905488	CLEC12A
cg20645058	CLEC12B
cg07434382	CLEC18A
cg07959477	CLEC1A
cg12810837	CLEC2D
cg21057494	CLEC3B
cg22984277	CLEC4E
cg21372914	CLEC4M
cg18463686	CLEC5A
cg26066361	CLEC7A
cg10722799	CLIC6
cg01777397	CLIP4
cg19510604	CLK3
cg08853659	CLSTN2
cg01683883	CMTM2
cg16335762	CMTM3
cg22241124	CNGA3
cg06757810	CNGB3
cg00290506	CNIH3
cg26267038	CNKSR2
cg01968793	CNNM1
cg15241708	CNOT6
cg23276695	CNR1
cg07080358	CNRIP1
cg12188560	CNTFR
cg27352992	CNTN1
cg03732545	CNTN2
cg11563860	CNTN4
cg07664856	CNTN6
cg16254309	CNTNAP2
cg02090283	CNTNAP3
cg10128164	COCH
cg12884406	COL11A1
cg08009622	COL12A1
cg23196831	COL14A1
cg19461644	COL15A1
cg13448625	COL17A1
cg06321883	COL19A1
cg25300386	COL1A2
cg03396229	COL22A1
cg10730712	COL23A1
cg01291404	COL2A1
cg27546237	COL4A1;COL4A2
cg11678767	COL4A5;COL4A6
cg26024843	COL5A1
cg21513553	COL6A2
cg11846236	COL7A1
cg18105675	COLEC11
cg19461621	COLEC12
cg15784332	COMP
cg09027725	COX4I2
cg14761227	CPA1
cg24290574	CPA3
cg01796223	CPA4
cg14662172	CPB2
cg19885761	CPLX2
cg15457079	CPN1
cg09147222	CPNE4
cg21716693	CPNE5
cg01545079	CPNE6
cg03731898	CPO
cg21604803	CPT1C
cg06590711	CPXCR1
cg03630088	CPXM2
cg00514895	CPZ
cg14726637	CR1
cg19777470	CRABP1
cg02010852	CRB2
cg11750883	CRCT1
cg02611282	CREB5
cg20329958	CRH
cg04856689	CRHR1
cg14896516	CRHR2
cg00850538	CRIM1
cg05885123	CRIP3
cg08942800	CRISP2
cg01410472	CRISPLD1
cg22680204	CRMP1
cg19370451	CRNN
cg08474603	CRP
cg12205591	CRYAA
cg13138279	CRYBA1
cg00757952	CRYBB1
cg22386774	CRYGA
cg03933322	CSAD
cg02504280	CSAG1;MAGEA12
cg03033367	CSAG2
cg25447894	CSDC2
cg02196805	CSF2
cg23328404	CSGALNACT1
cg09585781	CSH2
cg22619018	CSMD1
cg19228118	CSMD2;C1orf94
cg06821993	CSMD3
cg01668383	CSNK1A1L
cg23660082	CST1
cg17928268	CST11
cg01237132	CST2
cg25965576	CST4
cg02882813	CST5
cg11804789	CST7
cg21932814	CSTA
cg21457804	CT45A2
cg25531166	CTAG1B
cg01325515	CTAG2
cg13277939	CTAGE5
cg21452766	CTH
cg08460026	CTLA4
cg00132141	CTNNA3
cg10331779	CTNND2
cg15043057	CTPS
cg21686987	CTRB1
cg08260891	CTSA;NEURL2
cg06817264	CTSF
cg24355048	CTSG
cg17190608	CUX2
cg04569233	CX3CR1
cg00499822	CXCL12
cg17001652	CXCL13
cg18995088	CXCL14
cg15937958	CXCL17
cg10088985	CXCL5
cg19740969	CXCL9
cg22010317	CXorf36
cg21301440	CYGB
cg07136161	CYLC2
cg17790333	CYP11A1
cg09120035	CYP11B1
cg04968473	CYP1A2
cg25856383	CYP1B1
cg07434278	CYP21A2
cg04884908	CYP26B1
cg20322977	CYP26C1
cg07905963	CYP2A13
cg10840135	CYP2D6
cg13315147	CYP2E1
cg13656062	CYP4F2
cg12010995	CYP7A1
cg04418492	CYP7B1
cg02518339	CYSLTR1
cg16886259	CYSLTR2
cg01114088	CYTL1
cg10238818	CYYR1
cg23239039	D4S234E
cg14135551	DAAM2
cg00848728	DAB1
cg14063008	DAB2IP
cg01718602	DACH2
cg03483654	DAK;DDB1
cg03752885	DAPK3
cg21614638	DAPP1
cg23507131	DARC
cg25935911	DBC1
cg25020204	DBH
cg04731384	DBNDD1
cg21669679	DCC
cg25372195	DCD
cg01086895	DCHS1
cg22940789	DCLK1
cg07903860	DCLRE1C
cg04088433	DCN
cg21589280	DDAH1
cg05797656	DDX42;CCDC47
cg02992647	DDX52
cg04761824	DEC1
cg10758292	DEFA1
cg07974303	DEFA6
cg17288121	DEFB103A
cg23152755	DEFB105A
cg05810550	DEFB106A
cg20312687	DEFB118
cg18462653	DEFB119
cg19241311	DEFB123
cg01958189	DEFB125
cg20305726	DEFB126
cg02046532	DEFB129
cg22478614	DEFB4
cg16425577	DENND3
cg18182399	DES
cg27425675	DEXI
cg04770504	DFNA5
cg15903421	DFNB31
cg17693270	DGAT2L6
cg25506396	DGKD
cg25808906	DGKG
cg08434234	DGKI
cg06577005	DHDDS
cg10180697	DHFR;MSH3
cg22381196	DHODH
cg00910168	DHX37
cg23347958	DHX8
cg04883450	DIMT1L
cg19526600	DIO1
cg00217795	DIO2
cg17226343	DIRAS1
cg06191076	DIRAS3
cg01471384	DKK2
cg13216057	DKK3
cg00933411	DLC1
cg09276978	DLGAP4
cg27443050	DLGAP5
cg17412258	DLK1
cg20080624	DLX5
cg27015047	DMBT1
cg10133777	DMKN
cg10857774	DMPK;DMWD
cg03168582	DMRT1
cg00250430	DMRT2
cg26489108	DMRT3
cg22007439	DMRTA1
cg27344326	DMRTC1
cg03503295	DNAH5
cg11856697	DNAI2
cg15712267	DNAJB1
cg19692710	DNAJB13
cg03022541	DNAJB8
cg02067021	DNAJC5B
cg09082287	DNAJC6
cg12619509	DNASE1L2
cg07369274	DNASE1L3
cg23391785	DNM3
cg21629895	DNMT3A
cg24949488	DNTT
cg21233722	DOCK2
cg18501026	DOCK3
cg02357714	DOK3
cg09260441	DOK5
cg01027739	DOLPP1
cg04645843	DPCR1
cg15657607	DPH5
cg26738880	DPP6
cg11759378	DPPA2
cg06872381	DPPA3
cg20774846	DPYS
cg07295678	DPYSL4
cg26195812	DPYSL5
cg16112129	DRD1
cg06825142	DRD4
cg21279601	DRD5
cg18356799	DSC1
cg00544557	DSCR10
cg09025324	DSE
cg25010118	DSEL
cg22646528	DTNA
cg11939071	DTX1
cg10201668	DUOX1;DUOXA1
cg24654547	DUS2L;DDX28
cg25738273	DUSP26
cg18396533	DYDC2;DYDC1
cg12875426	DYM
cg10281478	DYNC1I1
cg00720137	DYNLRB2
cg15491567	DYSF
cg00756058	DZIP1
cg05056120	EBF1
cg06139836	EBF3
cg25431974	ECEL1
cg23960723	ECHDC3
cg14372520	EDA2R
cg16773899	EDIL3
cg21163415	EDN3
cg24745738	EDNRB
cg23582408	EEF1A2
cg10298205	EEF1D;NAPRT1
cg14292823	EEF1D;TIGD5
cg11868900	EFCAB1
cg27513764	EFCAB3
cg20786074	EFEMP1
cg02586730	EFEMP2
cg26831415	EFHA2
cg12118465	EFHD1
cg11460029	EFNB3
cg17606785	EFS
cg23083672	EGFL6
cg26747293	EGFLAM
cg03860890	EGFR
cg19355190	EGR2
cg05882522	EHD3
cg26073060	EIF3I;C1orf91
cg22631938	EIF4E3;GPR27
cg13149996	EIF4G3
cg07623294	ELAVL2
cg25434223	ELAVL3
cg26227005	ELAVL4
cg04544154	ELF4
cg01473816	ELF5
cg19118812	ELMO1
cg23760945	ELOF1
cg16858125	ELOVL1
cg13562911	ELOVL2
cg00431050	ELOVL3
cg13297865	ELOVL4
cg19404979	ELSPBP1
cg14133708	EMILIN2
cg18938204	EMILIN3
cg02727423	EML1
cg22889448	EMR1
cg15552238	EMR3
cg19358493	EMX2;EMX2OS
cg03266453	EN1
cg05134796	ENOPH1;HNRPDL
cg20988616	ENPP3
cg08493463	ENPP6
cg13471990	ENTPD1
cg15540820	EOMES
cg25488021	EPB41L2
cg00027083	EPB41L3
cg07447922	EPHA10
cg18420965	EPHA5
cg08001895	EPHA7
cg11847808	EPHA8
cg18150721	EPHB1
cg05488632	EPHX3
cg15156367	EPHX4
cg00893636	EPM2AIP1;MLH1
cg17194182	EPO
cg07115820	EPX
cg07015629	ERBB4
cg19308222	EREG
cg14738823	ERP27
cg07233761	ESM1
cg20253551	ESR1
cg07864297	ESRRB
cg04721883	ESX1
cg01566404	ETNK2
cg21210758	EVC
cg03278643	EVC2
cg00519208	EVI5
cg07366967	EXD2
cg14184817	EXOC3L2
cg04629204	EXTL1
cg09306675	EYA2
cg20330472	EYA4
cg07465609	EYS
cg26608199	F10
cg20199333	F2
cg11591325	F2R
cg08241785	F2RL2;IQGAP2
cg22861316	FABP6
cg09462826	FADS1
cg06781209	FADS2
cg27188703	FAIM2
cg06640279	FAIM3
cg06638451	FAM107A
cg12285118	FAM107B
cg10029411	FAM10A4
cg22029275	FAM123A
cg25182523	FAM129A
cg06305609	FAM129C
cg12376406	FAM12B
cg00768439	FAM133A;NAP1L3
cg17162024	FAM150A
cg13449778	FAM163A
cg21663722	FAM182A
cg15736338	FAM19A2
cg13921352	FAM19A4
cg01697732	FAM20A
cg01426743	FAM20B
cg23741330	FAM26E;BET3L
cg20404387	FAM43B
cg10106284	FAM49A
cg13843613	FAM5B
cg10951619	FAM5C
cg12818699	FAM65B
cg04282622	FAM71C
cg12998491	FAM78A
cg21489722	FAM9B
cg01423840	FATE1
cg23002761	FBLIM1
cg04337944	FBLN1
cg16604516	FBLN2
cg18671950	FBN1
cg25084878	FBN2
cg20797216	FBN3
cg01934790	FBXL16
cg01767116	FBXL22
cg20723355	FBXO39
cg01420388	FBXO44;FBXO2
cg05252264	FCAR
cg14696870	FCER1A
cg03221619	FCER2
cg19464944	FCGR1A
cg04384208	FCGR3A
cg04567009	FCGR3B
cg17357062	FCN1
cg26164184	FCN2
cg09340639	FCRL1
cg25259754	FCRL3
cg01612158	FCRL4
cg11241627	FERD3L
cg09539538	FERMT1
cg11715903	FERMT2
cg14654385	FERMT3
cg18661868	FES
cg10261191	FEZ1
cg19629292	FEZF2
cg03782727	FFAR1
cg15479752	FFAR2
cg21624359	FFAR3
cg14654926	FGF10
cg13492227	FGF11
cg02992632	FGF12
cg06960698	FGF14
cg15699524	FGF18
cg25583174	FGF2
cg16155702	FGF21
cg13881341	FGF21;FUT1
cg15337897	FGF3
cg19831575	FGF4
cg14197923	FGF5
cg21902327	FGF6
cg16584573	FGF8
cg08132711	FGFBP2
cg01593385	FGG
cg23978322	FHL5
cg23152772	FIBCD1
cg04622802	FIBIN
cg06564900	FIGN
cg10447080	FILIP1
cg19408398	FIP1L1
cg13401339	FKBP1B
cg11518240	FKBP4
cg13447818	FLG
cg17872757	FLI1
cg07675169	FLJ16779;NKAIN4
cg06220208	FLJ20444
cg13126790	FLJ27255
cg19815376	FLJ34503
cg23580945	FLJ43826
cg13897627	FLJ44674
cg14289511	FLJ45256
cg22954265	FLJ45832
cg10832945	FLJ45964
cg00779924	FLJ45983
cg12682367	FLJ46358
cg25538571	FLJ46365
cg02661879	FLNC
cg26651233	FLRT2
cg07017374	FLT3
cg00489401	FLT4
cg00853068	FMNL1
cg15514848	FMO1
cg25778166	FMO3
cg22495120	FMR1NB
cg04848046	FNDC3B
cg14775560	FOLH1
cg02915544	FOLH1B
cg03699566	FOLR1
cg22777952	FOXB1
cg24063470	FOXC2
cg15868302	FOXD2
cg22815110	FOXD3
cg16708281	FOXD4L1
cg15802898	FOXE1
cg25971347	FOXF1
cg08045570	FOXF2
cg10300684	FOXG1
cg19884262	FOXI2
cg06995715	FOXL1
cg17503456	FOXL2;C3orf72
cg03048535	FOXN4
cg15811427	FPR1
cg06784466	FPR3
cg17398312	FRMPD4
cg25902889	FSD1
cg07499072	FST
cg18695917	FSTL5
cg04515986	FTHL17
cg01837719	FUT9
cg10971790	FUZ
cg22392666	FXYD7
cg13703437	FYB
cg23054883	FZD10
cg25228126	FZD2
cg07338205	G6PC2
cg07903918	GABBR2
cg02065387	GABRA1
cg24995836	GABRA3
cg03593419	GABRA4
cg22672790	GABRA6
cg01939681	GABRB2
cg15940569	GABRB3
cg24087944	GABRD
cg09220361	GABRG2
cg06177698	GABRQ
cg00333528	GABRR1
cg04599297	GAD2
cg13758677	GAGE4
cg21238818	GAL3ST3
cg05714219	GALNT14
cg15739581	GALNT3
cg11091262	GALNTL5
cg04534765	GALR1
cg10247252	GALR2
cg22975712	GALR3
cg00308133	GAMT
cg20914508	GAP43
cg01443452	GAPDHS
cg06493930	GAS2
cg14358743	GAS6
cg22471346	GAS7
cg12229387	GAST
cg06490988	GATA2
cg00090147	GATA4
cg03777459	GATA5
cg23221013	GATS;PVRIG
cg01169778	GBGT1
cg27285720	GBP4
cg06214007	GBP6
cg07376029	GC
cg27043141	GCET2
cg09829319	GCM2
cg17810944	GDAP1L1
cg07773116	GDF10
cg21115977	GDF2
cg15992730	GDF3
cg05899618	GDF7
cg07442479	GDNF
cg13002506	GDPD4
cg16393207	GDPD5
cg02364642	GEFT
cg19560287	GEMIN5
cg00629585	GFI1B
cg21937886	GFPT2
cg23898073	GFRA1
cg09350274	GFRA3
cg02990033	GFRA4
cg18582689	GFRAL
cg02774160	GGT1
cg23173455	GGTLC2
cg04459030	GHRH
cg11812218	GHSR
cg12914657	GIMAP1
cg22442090	GIMAP5
cg09997082	GIPR
cg15415545	GIYD1;SULT1A3;GIYD2;BOLA2B;BOLA2;SULT1A4
cg08947964	GJA10
cg07070934	GJA4
cg02173484	GJA5
cg19586576	GJC1
cg22844623	GJC2;GUK1
cg21053529	GJD2
cg17738194	GK2
cg25999867	GLB1L3
cg17009433	GLDC
cg17530977	GLI3
cg25014318	GLP1R
cg21094669	GLRA3
cg09688546	GLRB
cg03852144	GLRX
cg15361231	GLRX2
cg11877382	GLT1D1
cg14313310	GLT25D2
cg07328579	GLT8D2
cg06236061	GLTP
cg11673803	GLUD1
cg11174654	GLUD2
cg15423764	GLYAT
cg05607401	GMFG
cg14203179	GNAS
cg15160445	GNAS;GNASAS
cg05558390	GNASAS;GNAS
cg17483510	GNB4
cg21264055	GNL1;PRR3
cg25066857	GNLY
cg00145118	GNPDA1
cg27219973	GNRHR
cg00626466	GNS
cg01714513	GOLGA8A
cg06907544	GOLGA9P
cg24798047	GOLT1A
cg16792800	GPC6
cg22821324	GPM6A
cg17274742	GPNMB
cg19132372	GPR1
cg11033833	GPR101
cg12014417	GPR109A
cg15447486	GPR109B
cg14942312	GPR119
cg22179082	GPR12
cg21607649	GPR123
cg20011352	GPR124
cg23337382	GPR125
cg23855093	GPR128
cg25400358	GPR137
cg03803009	GPR142
cg11325578	GPR143
cg04597449	GPR150
cg15869022	GPR17;LIMS2
cg09582042	GPR180
cg19824441	GPR182
cg21870884	GPR25
cg02757432	GPR26
cg13562542	GPR27;EIF4E3
cg12970081	GPR32
cg22283058	GPR37L1
cg16158874	GPR4
cg26026726	GPR42P
cg22253945	GPR45
cg13531460	GPR55
cg26252167	GPR6
cg20804821	GPR62
cg26174752	GPR63
cg17119559	GPR64
cg21700166	GPR68
cg14832904	GPR75;LOC100302652
cg10451565	GPR77
cg13702536	GPR81
cg27634151	GPR83
cg21969640	GPR84
cg13383491	GPR85
cg10298815	GPR88
cg08368934	GPR97
cg23571457	GPRASP1
cg00862041	GPRASP2
cg14934821	GPSM1
cg11617144	GPT
cg26170660	GPX5
cg16557944	GPX7
cg16806597	GRAP
cg03840259	GRAP2
cg04034767	GRASP
cg08578734	GRIA1
cg15425280	GRIA2
cg19343464	GRIA4
cg13549845	GRID2
cg09542111	GRIK1
cg26316946	GRIK2
cg06165395	GRIK3
cg01722994	GRIN2A
cg19224164	GRK4;NOP14
cg06015218	GRM1
cg02218260	GRM2
cg14724613	GRM3
cg26424956	GRM4
cg17173856	GRM5
cg14859460	GRM6
cg04527363	GRM7
cg23357981	GRP
cg20804555	GSC
cg26599006	GSC2
cg10057218	GSDMB
cg02075593	GSTA3
cg25567232	GSTA5
cg04987894	GSTM5
cg05244766	GSTP1
cg26609631	GSX1
cg00296685	GTF2H4
cg11334469	GTF2I
cg11398517	GTSF1L
cg23984434	GUCY1A2
cg09750385	GUCY1A3
cg25465406	GUCY2D
cg24286301	GUCY2F
cg09841009	GYPA
cg27214365	GYPB
cg13901526	GYPC
cg16998872	GYPE
cg04184278	GYS2
cg06118312	GZMA
cg04705866	GZMK
cg26808784	H19
cg15269875	H19;MIR675
cg24628744	H2AFY
cg18833140	HABP2
cg21682902	HAL
cg01580681	HAND2
cg02774439	HAND2;NBLA00301
cg25157408	HAO1
cg24611092	HAT1
cg17484237	HAVCR2
cg10647513	HBA1
cg16263182	HBA2
cg06233985	HBB
cg08970694	HBE1
cg01598642	HBG1
cg10920765	HBG2
cg07703401	HBQ1
cg24652919	HCFC1R1;THOC6
cg04623837	HCG9
cg08623947	HCK
cg00141162	HCLS1
cg06498267	HCN1
cg06005396	HCN2
cg02860342	HCN4
cg13948987	HCRTR2
cg05446471	HDAC11
cg12081743	HDAC9
cg16831889	HDC
cg17628717	HECW1
cg23529954	HERC1
cg10608341	HESX1
cg11119884	HFM1
cg00344372	HGFAC
cg00407150	HHATL
cg11378840	HHEX
cg13749822	HHIP
cg19342782	HHLA3;ANKRD13C
cg02879662	HIF3A
cg05501357	HIPK3
cg10146929	HIST1H1A
cg02367951	HIST1H2AK
cg27059238	HIST1H2BI
cg08717396	HIST1H2BJ;HIST1H2AG
cg02704907	HIST1H2BK
cg24784109	HIST1H3D
cg17965019	HIST1H3J
cg16706631	HIST1H4E
cg08260959	HIST1H4F
cg23540745	HIST1H4G
cg13536448	HIST2H2AA3
cg25955816	HIST3H3
cg22858308	HIVEP2
cg14709481	HK3
cg11762346	HKDC1
cg14166009	HKR1
cg24421410	HLA-DMA
cg22282941	HLA-DQA2
cg21529533	HLA-G
cg13170032	HLX
cg18888403	HMGCL
cg11458974	HMOX1
cg14951292	HMOX2;NMRAL1
cg24512303	HNF4G
cg13723482	HNRNPH2
cg26069745	HOXA2
cg25426743	HOXA3
cg02248486	HOXA5
cg26153631	HOXC10
cg22709192	HOXC11
cg20587394	HOXC13
cg21272774	HOXC9
cg03918304	HOXD10
cg03874199	HOXD12
cg19325985	HOXD13
cg24417499	HPCA
cg11147193	HPCAL1
cg02506908	HPD
cg12554857	HPGDS
cg24715735	HPN
cg09584711	HPR
cg03388193	HPSE2
cg03510310	HRASLS2
cg17878972	HRASLS;MGC2889
cg27016307	HRC
cg07749074	HRG
cg19064258	HS3ST2
cg07480567	HS3ST3A1
cg17183991	HS6ST3
cg14296374	HSBP1
cg15974053	HSD17B14
cg21922731	HSD17B6
cg16175792	HSD3B1
cg08965527	HSDL1;LRRC50
cg08871016	HSF2BP;RRP1B
cg06621126	HSF4
cg24489034	HSFX1
cg18740800	HSP90AA2
cg09458237	HSPA12B
cg00929855	HSPA1A;HSPA1L
cg16319578	HSPA2
cg06545504	HTN1
cg25763788	HTR1B
cg11990309	HTR1E
cg05772663	HTR2C
cg06531741	HTR3B
cg19815720	HTR3C
cg14483391	HTR3D
cg25780543	HTR5A
cg10741760	HTR6
cg06291867	HTR7
cg09495977	HTRA3
cg27258399	HTRA4
cg09794131	HYDIN
cg17259265	HYLS1
cg10798171	ICA1
cg10275770	ICAM2
cg06855803	ICAM3
cg21494776	ICAM4
cg08465774	IDO1
cg00363813	IFFO1
cg08843492	IFITM2
cg10412312	IFLTD1
cg11959435	IFNA1
cg01906717	IFNA13
cg00474004	IFNA14
cg06479216	IFNA16
cg01074640	IFNA17
cg13235447	IFNA2
cg19982860	IFNA21
cg15669228	IFNA8
cg07236769	IFNW1
cg16003238	IGDCC3
cg17773950	IGF2AS
cg21237591	IGF2AS;INS-IGF2;IGF2
cg22083798	IGFBP3
cg22467567	IGFBP5
cg23841186	IGFBP6
cg03876618	IGFBP7
cg17983307	IGFN1
cg23663653	IGHG1
cg23988567	IGHG3
cg13279585	IGK@
cg23984130	IGKV7-3
cg00013618	IGL@
cg10494770	IGLL1
cg19111262	IGSF9
cg18117847	IKZF1
cg26279025	IL11
cg21504624	IL11RA
cg18156583	IL18RAP
cg12380764	IL19
cg05949173	IL1F10
cg10269439	IL1F7
cg10479672	IL1F8
cg08861115	IL1F9
cg06927864	IL1RAPL1
cg11916609	IL1RL1
cg17850932	IL2
cg22487322	IL20RA
cg00136405	IL21
cg26333641	IL22
cg00294382	IL23A
cg14366598	IL25
cg25697314	IL26
cg07979357	IL27RA
cg26105232	IL2RA
cg15201909	IL2RG
cg11212312	IL3
cg15091410	IL31RA
cg10159529	IL5RA
cg15703690	IL6
cg04312209	IL7R
cg09640202	IMP4
cg09617773	IMPG1
cg25764191	INA
cg06552037	INHA;OBSL1
cg11079619	INHBA;LOC285954
cg22630748	INHBE
cg10784030	INPP5B
cg25163476	INS-IGF2;IGF2;IGF2AS
cg13756879	INS-IGF2;IGF2AS;IGF2
cg03366382	INS;INS-IGF2
cg10670077	INSR
cg19963522	IPCEF1
cg25151295	IPO5
cg19722847	IPO8
cg10691387	IQCF2
cg16616769	IQCK;C16orf88
cg12741420	IRF4
cg26251865	IRGC
cg08416046	IRS4
cg15433631	IRX2
cg26504021	IRX2;C5orf38
cg00243313	IRX4
cg21410991	ISL1
cg11102782	ISYNA1
cg19836283	ITGA11
cg21153758	ITGA1;PELO
cg20415809	ITGA4
cg16902509	ITGA8
cg02164442	ITGAD
cg14176836	ITGAL
cg00833777	ITGAM
cg26306976	ITGB1BP1;CPSF3
cg12391921	ITGB1BP2;BCYRN1
cg17890764	ITIH4
cg15521097	ITIH5L
cg01546430	ITK
cg16340268	ITPKB
cg25082710	IVL
cg08536841	IZUMO1
cg05335315	JAG2
cg01519742	JAKMIP1
cg03382304	JAM2
cg24625128	JAM3
cg22143352	JDP2
cg10920957	JPH3
cg02916816	JPH4
cg13277716	KAL1
cg00625425	KANK4
cg20879768	KATNAL2;TCEB3B
cg01656750	KATNB1
cg15302379	KAZALD1
cg05389024	KBTBD10
cg11341028	KBTBD4;NDUFS3
cg16842214	KBTBD5
cg26590537	KCNA1
cg22165175	KCNA2
cg00995520	KCNA3
cg15183083	KCNA4
cg24605304	KCNA5
cg26162582	KCNA6
cg26450866	KCNA7
cg23873703	KCNAB1
cg24507762	KCNB1
cg20890210	KCNB2
cg27409364	KCNC1
cg18573383	KCNC2
cg05675373	KCNC4
cg26702254	KCND2
cg09276363	KCND3
cg24924779	KCNG1
cg22197787	KCNH1
cg25668368	KCNH7
cg08422599	KCNIP1
cg04997967	KCNIP2
cg27196467	KCNIP4
cg05193832	KCNJ1
cg03993463	KCNJ15
cg05380982	KCNJ6
cg17671157	KCNK10
cg27138584	KCNK12
cg02136132	KCNK13
cg01669948	KCNK16
cg02611419	KCNK16;KCNK17
cg08315770	KCNK17
cg25229305	KCNK18
cg01643580	KCNK3
cg13412615	KCNK4
cg17918700	KCNK7
cg17834752	KCNK9
cg11902458	KCNN3
cg06719391	KCNQ1
cg27119222	KCNQ1;KCNQ1OT1
cg04457979	KCNQ1DN
cg08003150	KCNQ2
cg24687051	KCNQ5
cg03561565	KCNS2
cg20673481	KCNS3
cg07845390	KCNT2
cg08331840	KCNU1
cg26755793	KCTD1
cg15901783	KCTD12
cg12300353	KCTD8
cg14323109	KDR
cg17784922	KEL
cg18239753	KHDRBS2
cg11908570	KIAA0040
cg02507952	KIAA0125
cg15272684	KIAA0319L;NCDN
cg21045388	KIAA1026
cg20828084	KIAA1199
cg10732834	KIAA1632
cg14662379	KIF1A
cg09697386	KIF27
cg04270799	KIF5A
cg18191162	KIF6
cg22039846	KIR2DL1
cg18221897	KIR2DL1;KIR3DP1
cg24654350	KIR3DL1
cg11237817	KIR3DL3
cg03602500	KIR3DX1
cg26928603	KIRREL
cg09479015	KIRREL2
cg05606799	KISS1
cg07181349	KIT
cg23282559	KL
cg26136776	KLF1
cg06655100	KLF8
cg13507429	KLHDC7A
cg18533225	KLHDC7B
cg10872212	KLHDC8B
cg20523861	KLHL1;ATXN8OS
cg16948369	KLHL4
cg04349727	KLK5
cg18967533	KLK6
cg13995453	KLRB1
cg00443307	KLRG1
cg18087514	KMO
cg10766289	KRT1
cg11068096	KRT14
cg27478659	KRT16
cg00463848	KRT2
cg00091693	KRT20
cg06378617	KRT23
cg04484789	KRT26
cg10173723	KRT27
cg20484002	KRT28
cg08611714	KRT32
cg15983005	KRT33A
cg14533138	KRT33B
cg25545210	KRT34
cg11471401	KRT6A
cg07007400	KRT7
cg20050826	KRT72
cg07265310	KRT78
cg23696712	KRT79
cg24926042	KRT82
cg18153060	KRT84
cg02784874	KRT9
cg02022375	KRTAP1-1
cg07014174	KRTAP11-1
cg02764897	KRTAP13-1
cg02493771	KRTAP13-2
cg16431978	KRTAP13-3
cg14062083	KRTAP13-4
cg16812893	KRTAP15-1
cg26499286	KRTAP17-1
cg13139843	KRTAP19-1
cg09828634	KRTAP19-2
cg07374637	KRTAP19-5
cg25388528	KRTAP20-1
cg00948500	KRTAP20-2
cg06222800	KRTAP21-1
cg23581186	KRTAP21-2
cg18822544	KRTAP26-1
cg19306866	KRTAP6-2
cg24423088	KRTAP8-1
cg11710560	KRTAP9-3
cg10305797	KRTDAP
cg05246522	KSR1
cg06131859	KYNU
cg07643942	LACRT
cg01726767	LALBA
cg14950072	LAMA1
cg19774122	LAMA2
cg08897388	LAMA4
cg10064162	LAMB1
cg01580568	LAMB3
cg10847798	LAMC1
cg01975392	LANCL3
cg00351011	LASS4
cg05714479	LATS2
cg14607642	LBR
cg03285457	LBX1;FLJ41350
cg14696820	LCE1A
cg21065959	LCE1E
cg23413307	LCE1F
cg21754343	LCE2B
cg03960217	LCE2C
cg21312148	LCE2D
cg03741352	LCE3C
cg20676475	LCE3D
cg23110514	LCE3E
cg17542385	LCE4A
cg23815000	LCN1
cg17074151	LCN15
cg11873854	LCN6
cg08899626	LDB2
cg24429836	LDHD
cg14562990	LDOC1
cg00708598	LECT1
cg20661303	LEFTY2
cg23154272	LENEP
cg19594666	LEP
cg01192952	LGALS14
cg13588835	LGALS7
cg00532335	LGI1
cg12351433	LHCGR
cg06759890	LHFPL2
cg22660578	LHX1
cg23922454	LHX5
cg08008403	LHX9
cg01796228	LIFR
cg07403350	LIG4
cg19486673	LILRA2
cg00705255	LILRA3
cg01204985	LILRA4
cg06392096	LILRA5
cg08684473	LILRB5
cg09018824	LIMCH1
cg02988947	LIMD2
cg18879041	LIMS3
cg16530429	LIN28
cg16854524	LIN54
cg04151683	LINGO2
cg01733599	LIPC
cg01390445	LIPH
cg24650501	LMX1A
cg18453621	LMX1B
cg26990660	LOC100190938;RAMP2
cg19664945	LOC100302652;GPR75
cg01817029	LOC283392;TRHDE
cg21530453	LOC283856;GNAO1
cg26331247	LOC284805
cg17774418	LOC285780;LY86
cg25994725	LOC285847;C6orf81
cg02141570	LOC348840
cg04329382	LOC400931
cg06098051	LOC400986
cg18878432	LOC404266;HOXB6
cg24235633	LOC440356;CDIPT
cg27011193	LOC654342
cg23444894	LOC728276
cg21096915	LOC84856
cg07412254	LOC84931
cg12232463	LONRF2
cg27626424	LOR
cg07260592	LPA
cg06501070	LPAR3
cg13506226	LPAR6
cg08235271	LPHN2
cg08918749	LPL
cg24489015	LPO
cg15640375	LPPR3
cg26164310	LPPR4
cg23641267	LPXN
cg23303074	LRAT
cg13526007	LRFN5
cg17827767	LRIT1
cg03521113	LRMP
cg02322989	LRP1B
cg13436799	LRP2
cg18142353	LRP6
cg25201363	LRPAP1
cg26538116	LRPPRC
cg02121427	LRRC15
cg23089840	LRRC3
cg26035366	LRRC3B
cg09747578	LRRC41;UQCRH
cg21129531	LRRC4;SND1
cg09768051	LRRC7
cg04698187	LRRN2
cg26158194	LSP1
cg15364618	LTB4R2;CIDEB;LTB4R
cg13840968	LTB4R;LTB4R2;CIDEB
cg20718816	LTBP2
cg08965235	LTBP3
cg17527798	LTF
cg08693325	LUZP4
cg25044651	LVRN
cg08263647	LXN;GFM1
cg04583874	LY6H
cg20162076	LY86;LOC285780
cg24046110	LYNX1
cg12768605	LYPD5
cg02829654	LYST
cg03908676	LYVE1
cg21044104	LYZL4
cg16826286	LYZL6
cg26525091	MADCAM1
cg18894878	MAEL
cg02497758	MAFB
cg06060661	MAGEA11
cg12728629	MAGEA2
cg18787449	MAGEA2B
cg07545232	MAGEA3
cg06313930	MAGEA5
cg15408454	MAGEA6
cg05047411	MAGEA8
cg13201322	MAGEB1;MAGEB4
cg14774175	MAGEB3
cg10127415	MAGEB6
cg15602735	MAGEC2
cg02818322	MAGEC3
cg26738912	MAGED4B
cg05152459	MAGEE2
cg18869368	MAGEH1
cg20537629	MAGI2
cg06668300	MAL
cg11656547	MAMDC2
cg16440909	MAMLD1
cg27256309	MAMSTR
cg04008455	MAN2C1
cg07380496	MAP1B
cg15639951	MAP3K14
cg01087382	MAP3K7
cg00233307	MAP4K1;EIF3K
cg03616357	MAP9
cg11695358	MAPK15
cg26946769	MAPK4
cg00083937	MAPK8IP2
cg17630833	MAPT
cg06434451	MARCKSL1
cg11009736	MARCO
cg08784110	MAS1
cg24063382	MAS1L
cg21831174	MASP1
cg18023080	MASP2
cg09416313	MATK
cg13882988	MBL2
cg11564670	MC2R
cg02037013	MC4R
cg21096399	MCAM
cg06894812	MCC
cg11668844	MCF2L
cg21342728	MCHR1
cg20134215	MCHR2
cg05345286	MDFI
cg09432154	MED12L;GPR87
cg17795586	MED12L;P2RY13
cg21514871	MEFV
cg15373285	MEG3
cg06940792	MEGF10
cg26416466	MEGF11
cg00003994	MEOX2
cg20980592	MEP1A
cg17607973	MEPCE;ZCWPW1
cg13917504	MEST;MESTIT1
cg01639034	METTL13
cg16267059	MFAP1
cg06256735	MFAP5
cg15075718	MFRP
cg17952262	MFSD7
cg18399321	MGAT3
cg00654814	MGAT5B
cg23502772	MGC42105
cg25946389	MGMT
cg25152942	MIA
cg25710140	MID1
cg19335327	MIMT1;PEG3;ZIM2
cg04845628	MINA
cg22879515	MIR34B;BTG4;MIR34C
cg09886641	MIR548H4;NOX5;SPESP1
cg08209724	MIR632;ZNF207
cg03969797	MKRN3
cg02161900	MKX
cg05743054	MLF1
cg20226764	MLN
cg02620013	MLNR
cg16580737	MME
cg16575408	MMP1
cg02061229	MMP10
cg22658979	MMP13
cg26756083	MMP16
cg23149053	MMP17
cg16725130	MMP19
cg14400118	MMP2
cg26757793	MMP20
cg20688340	MMP21
cg07085271	MMP24
cg26705553	MMP25
cg12493906	MMP26
cg25511807	MMP7
cg19368582	MMRN2
cg27269921	MN1
cg25119415	MNDA
cg25366404	MOCS1
cg19382714	MOG
cg22461018	MORF4
cg03533858	MORN1;RER1
cg19690101	MORN2;DHX57
cg22411207	MOS
cg10240853	MOSPD3
cg07570142	MOXD1
cg03905144	MPDZ
cg09421562	MPO
cg08704606	MRC1
cg14764661	MRC2
cg23001457	MRGPRX1
cg13062935	MRGPRX2
cg12437481	MRPL28
cg24541550	MRVI1
cg06806711	MS4A1
cg23307338	MS4A12
cg25072962	MS4A15
cg25944100	MS4A3
cg06269753	MSC
cg05856931	MSI2
cg06100324	MSLN
cg17030820	MSMB
cg01668126	MSR1
cg18862260	MSTN
cg24840099	MSX1
cg06094150	MT1B
cg16158681	MT3
cg01015871	MT4
cg11159727	MTERF
cg27278294	MTM1
cg24378421	MTMR9
cg15842276	MTNR1B
cg25833031	MTPAP
cg24512973	MUC1
cg03087937	MUC15;ANO3
cg01584473	MUC17
cg10189763	MUC7
cg21130374	MX2
cg01375994	MXRA5
cg02593766	MYCBPAP;EPN3
cg12537796	MYCL2
cg02830467	MYCT1
cg20603888	MYEF2
cg26207503	MYF5
cg00134787	MYH1
cg06011292	MYH10
cg17880199	MYH11
cg18190433	MYH3
cg23400451	MYH4
cg14541311	MYH6
cg05294455	MYL4
cg04376312	MYLK
cg18946226	MYO16
cg23771603	MYO3A
cg07271264	MYOD1
cg21132577	MYOM2
cg04956382	MYOT
cg16772207	MYT1
cg05500015	NAALAD2
cg17894008	NACA2
cg15202954	NALCN
cg04297329	NAP1L2
cg21269934	NAT8L
cg25167447	NAV1
cg26885858	NBPF3
cg20760063	NBR2;BRCA1
cg13297960	NCAM2
cg06952310	NCAN
cg10383428	NCAPD2
cg19917856	NCCRP1
cg26862286	NCL
cg06627364	NCRNA00152
cg25864727	NCRNA00158
cg06940107	NCRNA00161
cg12379775	NCRNA00176
cg18552939	NDN
cg18081258	NDRG2
cg13031432	NDRG4
cg02899772	NECAB2
cg16042149	NEFH
cg13266631	NEFL
cg18267374	NEFM
cg04645342	NEGR1
cg20113732	NELL1
cg06110728	NELL2
cg21922574	NETO1
cg02324920	NEURL
cg22359606	NEUROD1
cg11634198	NEUROD2
cg09014354	NEUROD4
cg14958635	NEUROG1
cg03425110	NEUROG3
cg11147886	NFAT5
cg05970790	NFATC1
cg12552392	NFS1
cg15501381	NGB
cg22572159	NGF
cg00725777	NGFRAP1
cg12529228	NHLH1
cg22881914	NID2
cg20781967	NINJ2
cg09088834	NINL
cg17868994	NIPSNAP3B
cg21787291	NKAIN2
cg10126923	NKG7
cg12220493	NKX2-1
cg17029168	NKX2-2
cg03294619	NKX2-5
cg21428681	NKX3-1
cg20073553	NKX3-2
cg10539507	NKX6-1
cg09260089	NKX6-2
cg02345317	NLGN3
cg24103438	NLGN4X
cg04799664	NLRC5
cg20311730	NLRP10
cg08961832	NLRP6
cg08728865	NLRP7
cg22190114	NLRP8
cg17256157	NMBR
cg13707560	NME5
cg09214551	NMT1;DCAKD
cg18250832	NMUR1
cg03914397	NMUR2
cg04377282	NODAL
cg06722216	NOL4
cg23896545	NOMO1
cg03538436	NOS1
cg06650786	NOTCH3
cg14700707	NOTCH4
cg18488855	NOVA1
cg21765730	NOX3
cg11670211	NOX4
cg09628601	NPAS1
cg22134325	NPAS4
cg07629017	NPBWR1
cg06255227	NPBWR2
cg14477619	NPC1L1
cg26656113	NPFFR2
cg14506552	NPPB
cg07663789	NPR3
cg17775235	NPTX1
cg00548268	NPTX2
cg05158615	NPY
cg27504805	NPY2R
cg13975625	NPY5R
cg09562455	NR0B1
cg00554250	NR1H3
cg15381313	NR1H4
cg02863947	NR1I2
cg06277277	NR1I3
cg03958979	NR2E1
cg08818984	NR3C1
cg17885062	NRCAM
cg17457560	NRG1
cg16979445	NRM
cg10574499	NRN1L
cg12457773	NRSN1
cg14333565	NRTN
cg10917619	NRXN1
cg16372520	NRXN3
cg01656955	NT5C1A
cg06462291	NT5DC3
cg25485913	NTF4
cg20881910	NTM
cg19564877	NTN1
cg02361557	NTNG1
cg12995941	NTRK1;INSRR
cg12499211	NTRK1;SH2D2A
cg26232187	NTRK3
cg03567830	NTSR1
cg25657834	NTSR2
cg11473104	NUDT15
cg18843688	NUFIP1
cg07986773	NUP50
cg08532057	NUPL1
cg27063525	NUS1
cg00280894	NXF2
cg12584889	NXF3
cg14366490	NXNL1
cg00755043	NXNL2
cg06405206	NXPH3
cg20870559	OAS2
cg07031532	OAZ2
cg08409225	OBFC2B
cg15092802	OBP2A
cg08539093	OBP2B
cg12902039	OCA2
cg14260458	OCM2
cg04570669	ODAM
cg10335112	ODF3
cg12334759	ODF3L2
cg08750326	ODZ1
cg13580728	OGN
cg26399113	OGT;BCYRN1
cg05998983	OIT3
cg27286999	OLFM1
cg12582008	OLFM4
cg06714705	OLFML1
cg10217445	OLIG2
cg03889226	OLIG3
cg06720956	ONECUT1
cg03923934	OPCML
cg09261262	OPN4
cg09970593	OPRD1
cg25990647	OPRK1
cg14262937	OPRM1
cg03898365	OR10A4
cg22951794	OR10A5
cg24477636	OR10H1
cg24926780	OR10H2
cg25843439	OR10H3
cg15700197	OR10J1
cg21414251	OR12D2
cg20856834	OR12D3
cg25607161	OR1A1
cg16678925	OR1A2
cg02721374	OR1D2
cg14043602	OR1E1
cg22510822	OR1E2
cg07879977	OR1F1
cg27622610	OR1G1
cg16473288	OR1N1
cg17026542	OR2A4;ENPP3
cg12351042	OR2B2
cg03340878	OR2B6
cg20507276	OR2L13
cg05674036	OR3A3
cg06353345	OR51B4
cg25890048	OR5I1
cg14258236	OR5V1
cg03780486	OR6A2
cg05112299	OR7A17
cg02124291	OR7A5
cg11328541	OR7C1
cg14511156	OSCAR
cg03138091	OSMR
cg10537079	OTC
cg24794992	OTOA
cg14882700	OTOP1
cg06353318	OTOP2;USH1G
cg00638514	OTOP3
cg15852891	OTP
cg19233923	OTUB1
cg22762309	OTUD6A
cg01421985	OTUD7A
cg15607672	OTX2
cg12158019	OXCT2
cg26955850	OXT
cg13088755	P2RY10
cg26545968	P2RY4
cg23407366	PABPC5
cg23043245	PACSIN1
cg01055695	PAEP
cg21030598	PAK2
cg12645220	PAK7
cg00174901	PALM
cg10994430	PALM2;PALM2-AKAP2
cg14642338	PAMR1
cg08191915	PANX3
cg10994126	PAPPA2
cg09191232	PAPSS1
cg15662251	PAQR7
cg00970325	PAQR9
cg07478122	PAR5
cg26410550	PAR5;SNORD64
cg00633969	PARP9;DTX3L
cg19345602	PATE1
cg25596297	PAX3;CCDC140
cg08886154	PAX4
cg11428724	PAX7
cg10883352	PBX2P1
cg07474356	PCDH11X
cg08455548	PCDH11Y
cg04797496	PCDH12
cg13806135	PCDH17
cg26717133	PCDH21
cg18821742	PCDH7
cg10484958	PCDH8
cg25422943	PCDH9
cg26556719	PCDHA7;PCDHA12;PCDHA6;PCDHA10;PCDHA4;PCDHA11;PCDHA8;PCDHA1;PCDHA2;PCDHA9;PCDHA5;PCDHA13;PCDHA3
cg18902090	PCDHA7;PCDHA12;PCDHA6;PCDHAC1;PCDHA10;PCDHA4;PCDHA11;PCDHA8;PCDHA1;PCDHA2;PCDHA9;PCDHA13;PCDHA5;PCDHA3
cg20514617	PCDHA9
cg12629325	PCDHAC1;PCDHA7;PCDHA12;PCDHA6;PCDHA10;PCDHA4;PCDHA11;PCDHA8;PCDHA1;PCDHA2;PCDHA9;PCDHA13;PCDHA5;PCDHA3
cg24076884	PCDHAC2;PCDHA7;PCDHA12;PCDHA6;PCDHA10;PCDHA4;PCDHA11;PCDHA8;PCDHA1;PCDHA2;PCDHA9;PCDHA13;PCDHA5;PCDHAC1;PCDHA3
cg03513163	PCDHB1
cg12343638	PCDHB12
cg10757144	PCDHB15
cg10887021	PCDHB2
cg01512854	PCDHB3
cg12990410	PCDHB4
cg03349953	PCDHB5
cg23596123	PCDHB6
cg11647681	PCDHGA4;PCDHGA11;PCDHGA12;PCDHGA9;PCDHGA1;PCDHGB1;PCDHGB6;PCDHGB3;PCDHGB7;PCDHGA6;PCDHGA8;PCDHGA10;PCDHGA5;PCDHGB4;PCDHGA3;PCDHGA2;PCDHGA7;PCDHGB2;PCDHGB5
cg07730329	PCDHGA4;PCDHGA11;PCDHGA9;PCDHGA1;PCDHGB1;PCDHGB6;PCDHGA12;PCDHGB3;PCDHGB7;PCDHGA6;PCDHGA8;PCDHGA10;PCDHGA5;PCDHGB4;PCDHGA3;PCDHGA2;PCDHGB2;PCDHGA7;PCDHGB5
cg00911351	PCDHGA4;PCDHGA6;PCDHGA1;PCDHGA5;PCDHGB1;PCDHGA3;PCDHGA2;PCDHGA7;PCDHGB2;PCDHGB4;PCDHGB3
cg26282384	PCDHGA4;PCDHGA6;PCDHGA1;PCDHGA5;PCDHGB1;PCDHGA3;PCDHGA2;PCDHGB4;PCDHGA7;PCDHGB2;PCDHGB3
cg23563234	PCDHGA4;PCDHGA9;PCDHGA1;PCDHGB1;PCDHGB7;PCDHGB6;PCDHGB3;PCDHGA6;PCDHGA8;PCDHGA10;PCDHGA5;PCDHGB4;PCDHGA3;PCDHGA2;PCDHGB2;PCDHGA7;PCDHGB5
cg00943245	PCDHGA4;PCDHGC3;PCDHGA12;PCDHGA11;PCDHGA9;PCDHGA1;PCDHGB1;PCDHGB6;PCDHGB3;PCDHGB7;PCDHGC5;PCDHGA6;PCDHGA8;PCDHGA10;PCDHGA5;PCDHGB4;PCDHGC4;PCDHGA3;PCDHGA2;PCDHGA7;PCDHGB2;PCDHGB5
cg12145907	PCDHGA4;PCDHGC3;PCDHGA12;PCDHGA11;PCDHGA9;PCDHGA1;PCDHGB1;PCDHGB6;PCDHGC4;PCDHGB3;PCDHGB7;PCDHGA6;PCDHGA8;PCDHGA10;PCDHGA5;PCDHGB4;PCDHGA3;PCDHGA2;PCDHGA7;PCDHGB2;PCDHGB5
cg15361590	PCDHGA4;PCDHGC3;PCDHGA12;PCDHGA11;PCDHGA9;PCDHGA1;PCDHGB1;PCDHGC4;PCDHGB6;PCDHGB3;PCDHGB7;PCDHGA6;PCDHGA8;PCDHGA10;PCDHGA5;PCDHGB4;PCDHGA3;PCDHGA2;PCDHGA7;PCDHGB2;PCDHGB5
cg26777475	PCOLCE
cg01309152	PCP4
cg05846716	PCSK2
cg07421682	PCSK6
cg07211259	PDCD1LG2
cg24133115	PDE10A
cg13565157	PDE1B
cg22131691	PDE1C
cg08859675	PDE4A
cg26832142	PDE4B
cg17861230	PDE4C
cg11935147	PDE4DIP
cg05078019	PDE6B
cg19635695	PDE6C
cg09447105	PDE6H
cg02664205	PDE7B
cg18089852	PDE8B
cg07748540	PDGFD
cg22736323	PDGFRA
cg25948180	PDHX;APIP
cg11297236	PDILT
cg18877506	PDPN
cg11245384	PDYN
cg22705225	PDZD2
cg22467071	PECAM1
cg19107595	PEG10;SGCE
cg27519373	PEG3;ZIM2
cg24645221	PENK
cg21176048	PEX5L
cg12855851	PGC
cg08987989	PGGT1B
cg06403553	PGK2
cg10862535	PGLYRP1
cg17915429	PGLYRP2
cg01987509	PGR
cg20357628	PHACTR3
cg01775414	PHF21B
cg02804166	PHF6
cg20816612	PHKA1
cg05724065	PHKG1
cg18722841	PHOX2A
cg24719601	PHOX2B
cg05947740	PHYHIP
cg13686115	PHYHIPL
cg04893119	PI15
cg02442161	PI3
cg03843852	PIGB
cg20953047	PIGR
cg23166362	PIK3CD
cg12663253	PIK3R1
cg13453139	PIK3R5
cg06144905	PIPOX
cg14056644	PITX2
cg10365880	PKD2L1
cg27140220	PKIA
cg21985470	PKLR
cg09009380	PKP1
cg21820890	PLA2G12B
cg22220722	PLA2G2A
cg14321743	PLA2G2D
cg19521927	PLA2G5
cg14674582	PLAC1
cg23657409	PLCB1
cg15120942	PLCD1
cg27609819	PLCL1
cg15736336	PLCZ1;CAPZA3
cg01664666	PLD5
cg06339706	PLEKHA4
cg26267310	PLEKHA4;HSD17B14
cg25288155	PLEKHB1
cg26205432	PLN
cg18564727	PLP1
cg14601284	PLXDC1
cg14159672	PM20D1
cg06126510	PMCHL1
cg14277764	PMCHL2
cg08343834	PMP22
cg12919379	PNCK
cg25903497	PNKD;TMBIM1
cg05376895	PNMA3
cg08159444	PNMA5
cg17296166	PNMAL1
cg19391527	PNOC
cg23653187	PNPLA3
cg23092823	PODN
cg18834029	POLL;RP11-529I10.4
cg21097640	POLR1D;LNX2
cg08030082	POMC
cg26804057	POP1
cg23032612	POSTN
cg21243096	POU3F1
cg14823162	POU3F2
cg20291049	POU3F3
cg23921534	POU3F4
cg24199834	POU4F2
cg18482268	POU4F3
cg18910313	PPAN-P2RY11;P2RY11
cg03251857	PPAPDC3
cg16786458	PPARGC1B
cg03163246	PPBPL2
cg14724265	PPEF2
cg00685836	PPFIA2
cg19141563	PPM1E
cg07209631	PPM1K
cg04375036	PPP1CC
cg12515371	PPP1R16A
cg24834740	PPP1R16B
cg09775312	PPP1R3C
cg15765694	PPP3R2;GRIN3A
cg21742836	PPP4C
cg20491707	PPYR1
cg09196942	PRAMEF1
cg18807515	PRAMEF2
cg27345534	PRB1
cg04520391	PRB2
cg20227165	PRDM11
cg09191327	PRDM12
cg01295203	PRDM14
cg21241823	PRDM15
cg08537652	PRDM16
cg16799087	PRDM7
cg24364574	PREX1
cg13652336	PREX2
cg12626411	PRG4;MIR548F1
cg16041660	PRICKLE1
cg22083047	PRICKLE2
cg20895877	PRIMA1
cg23081213	PRKAG3
cg13577076	PRKAR1B
cg24250393	PRKCB
cg16245261	PRKCDBP
cg21794225	PRKD1
cg15748507	PRLHR
cg23739862	PRMT8
cg09906458	PRND
cg21324308	PROK1
cg15798455	PROK2
cg27114120	PROKR2
cg25584626	PRR16
cg14308452	PRR22
cg21961766	PRRG2
cg13035743	PRRT1
cg04713521	PRRX2
cg12878228	PRSS1
cg13944141	PRSS2
cg22730830	PRSS21
cg07073964	PRSSL1
cg09134726	PRTN3
cg23402444	PSD;FBXL15
cg25839766	PSG1
cg07745725	PSG3
cg23264413	PSG4
cg15586352	PSG5
cg17788832	PSKH2
cg17191186	PSMB6
cg09508556	PSORS1C1;PSORS1C2
cg12703269	PSTPIP1
cg20790540	PTCRA
cg12687990	PTENP1
cg11438428	PTF1A
cg12739034	PTGER3
cg03495868	PTGFR
cg05932408	PTGIS
cg03391568	PTH1R
cg25057743	PTH2R
cg00653387	PTN
cg16192575	PTPN20B;PTPN20A
cg21171615	PTPRC
cg09440243	PTPRD
cg01572266	PTPRG
cg00394658	PTPRJ
cg01946574	PTPRM
cg06971096	PTPRN
cg27196745	PTPRO
cg23694248	PTPRR
cg13168820	PTPRT
cg25167643	PTPRZ1
cg08793459	PTRH2;TMEM49
cg09945801	PURG;WRN
cg14037665	PXDN
cg16739580	PYDC2
cg19850348	PYGO1
cg01714932	PZP
cg25157874	QKI
cg03900284	QRFP
cg00015770	QRFPR
cg20119051	R3HDM1
cg10149836	RAB11FIP4
cg02397720	RAB17
cg17982102	RAB31
cg07342016	RAB33A
cg21237418	RAB34
cg12448933	RAB37
cg02298008	RAB39B
cg19135706	RAB3C
cg06818473	RAB40B
cg17653969	RAB4A;SPHAR
cg22108265	RAB6A
cg03000846	RAC3
cg26323655	RAD54B
cg00278366	RAD9B;VPS29
cg06220755	RAI2
cg14436761	RAMP2
cg11250058	RAPH1
cg26124016	RARB
cg17279839	RARRES2
cg15156078	RASGRF1
cg01109219	RASGRP3
cg23082877	RASIP1
cg25635500	RASL10A
cg16884569	RASSF2
cg17558126	RASSF5
cg19576304	RAX
cg25058957	RAX2
cg16153267	RB1
cg23207527	RBM24
cg03273615	RBM41
cg02992596	RBM46
cg11027570	RBP1
cg06755819	RCN1
cg04378886	RCN3
cg14046986	RCSD1
cg00658007	RD3
cg01015879	RDX
cg16158220	REG1P
cg24240626	REG3A
cg00627233	REG3G
cg10414058	RELL2;HDAC3
cg17923358	RELN
cg12153542	REM1
cg03028472	RERG
cg12118437	REXO4
cg15303841	RFPL1S;RFPL1
cg13005002	RFPL3
cg07200280	RFTN1
cg01920232	RFX4
cg11505048	RGL1;APOBEC4
cg07654896	RGN
cg11314271	RGPD5
cg24660086	RGR
cg24317255	RGS17
cg24133080	RGS18
cg24901474	RGS5
cg24800810	RGS7
cg17124700	RGS8
cg06025017	RGSL1
cg06388544	RHD
cg13180098	RHO
cg13320683	RHOBTB1
cg05135288	RHOT2;WDR90
cg15465321	RHOXF2
cg08383315	RIC3
cg04049033	RILP
cg05341878	RIMS2
cg19332710	RIMS4
cg05958352	RNASE1
cg24851490	RNASE2
cg07525077	RNASE3
cg05270634	RND2
cg03605761	RNF126
cg04182865	RNF14
cg19423014	RNF152
cg00030047	RNF207
cg05874478	RNF31;PSME2
cg15870225	RNF41
cg06417962	RNH1
cg21942082	RNU5E;RNU5D;ACOT12
cg20145360	ROBO1
cg13301933	RORA
cg07536920	RORB
cg18149207	RORC
cg22809047	RPL31
cg07441272	RPL39L
cg27420236	RPRM
cg12855988	RPS12;SNORD101
cg13217373	RPS6KA2
cg05813234	RPS6KA6
cg19635869	RRAGD
cg18623836	RRM2
cg04600618	RSPH9
cg22063989	RSPO1
cg14070647	RSPO2
cg09979256	RSPO3
cg19764436	RTDR1;GNAZ
cg05358404	RTEL1
cg24914244	RTN4IP1;QRSL1
cg26536164	RTP3
cg25418748	RUFY1
cg19007731	RUNX1T1
cg24019564	RUNX3
cg22234962	RUSC1;C1orf104
cg21431536	RXFP2
cg12238343	RXFP3
cg10364513	RXRG
cg11657808	RYR2
cg10795646	S100A10
cg20070090	S100A8
cg00582372	S100G
cg22266967	S100P
cg20166532	S1PR1
cg11594137	S1PR3
cg20583073	S1PR4
cg15484375	SAA1
cg12907644	SAA2
cg22674717	SALL1
cg08118311	SALL3
cg21122774	SARDH
cg23887396	SARM1
cg13619408	SARS
cg11275139	SAV1
cg13351161	SCARA3
cg27180443	SCARB1
cg14785479	SCARF2
cg01772980	SCGB1D1
cg10848367	SCGB1D2
cg22862656	SCGB2A2
cg16585682	SCGB3A1
cg19530885	SCGB3A2
cg18049750	SCML1
cg13694749	SCN4A
cg27560864	SCN4B
cg19740375	SCN5A
cg05331214	SCN7A
cg19320612	SCN9A
cg23113963	SCNN1B
cg13587552	SCNN1D
cg13302823	SCRT1
cg26219051	SCUBE1
cg19237879	SCUBE2
cg00347904	SCUBE3
cg14538332	SDC2
cg13446622	SDR9C7
cg20436912	SEC14L4
cg20831708	SEC31B
cg18678121	SEC61A2
cg19853494	SELL
cg01459453	SELP
cg09813840	SELPLG
cg12941931	SEMA6B
cg14093936	SEMA7A
cg04545516	SEMG1
cg02311163	SEMG2
cg08489623	SEPT14
cg04283938	SEPT3
cg16220183	SEPT4
cg05788638	SERPINA10
cg19630689	SERPINA12
cg08495878	SERPINA4
cg23696618	SERPINB10
cg11435943	SERPINB12
cg13943564	SERPINB2
cg10533434	SERPINB3
cg24546942	SERPINB4
cg15422147	SERPINB5
cg01770400	SERPINC1
cg00037763	SETBP1
cg25468723	SEZ6L
cg13398291	SFRP1
cg11354906	SFRP2
cg20019546	SFRP4
cg05937453	SFRP5
cg11206634	SFT2D3
cg09408780	SFTA2
cg03600318	SFTPD
cg25524350	SGCE;PEG10
cg26104469	SGCZ
cg21870662	SGSM2;TSR1
cg07980988	SH2D1A
cg20839149	SH2D2A;NTRK1
cg22105022	SH2D3C
cg10203483	SH2D6
cg12638745	SH3BGR;LCA5L
cg26937530	SH3BGRL
cg13474750	SH3BP1
cg22946150	SH3GL3
cg24774956	SH3KBP1
cg14818279	SH3TC2
cg24824840	SHANK1
cg13351583	SHC3
cg26203861	SHISA4
cg17215680	SIGLEC10
cg03597525	SIGLEC10;LOC100129083
cg12530021	SIGLEC12
cg14740251	SIGLEC5
cg16617137	SIGLEC6
cg01193293	SIGLEC7
cg13407883	SIGLEC9
cg07494518	SIK1
cg11540692	SIM1
cg26668713	SIPA1
cg18952560	SIRPA
cg09577651	SIRPB1
cg17423978	SIRPD
cg15722679	SIRPG
cg12431401	SIRT2;RINL
cg19456540	SIX6
cg08504583	SLAIN1
cg07837085	SLAMF7
cg22971191	SLC10A2
cg07719512	SLC11A1
cg20226593	SLC12A1
cg26924825	SLC12A4;LCAT
cg22752533	SLC12A5
cg16652063	SLC13A5
cg18636558	SLC15A2
cg21992250	SLC15A3
cg12005098	SLC16A12
cg11871280	SLC16A7
cg20439022	SLC16A8
cg04270835	SLC17A6
cg00512279	SLC18A2
cg11389172	SLC18A3;CHAT
cg09017174	SLC1A2
cg22334665	SLC22A16
cg12439773	SLC22A6
cg24922992	SLC22A7
cg06917325	SLC22A8
cg12821724	SLC23A2
cg01557989	SLC24A3
cg01497576	SLC24A5
cg14191109	SLC25A16
cg18783781	SLC25A33
cg14646244	SLC26A4;LOC286002
cg09492887	SLC26A5
cg20103758	SLC27A6
cg05521696	SLC2A14
cg17142134	SLC2A2
cg08057475	SLC30A4;C15orf21
cg07459489	SLC30A8
cg08535373	SLC32A1
cg06501790	SLC34A1
cg22324153	SLC35D2
cg10345936	SLC36A2
cg22445920	SLC36A3
cg19914607	SLC38A3
cg03021892	SLC38A5
cg19856444	SLC39A12
cg05254747	SLC39A14
cg05654163	SLC39A2
cg07758904	SLC46A2
cg03580247	SLC4A1
cg11004890	SLC4A11
cg14932645	SLC4A5
cg21495715	SLC5A10
cg05953243	SLC5A12
cg13507893	SLC5A4
cg16232126	SLC5A7
cg05722918	SLC5A8
cg11021744	SLC6A1
cg15284635	SLC6A11
cg00894577	SLC6A14
cg03064067	SLC6A15
cg19421752	SLC6A19;SLC6A18
cg10362591	SLC6A2
cg26205131	SLC6A3
cg22584138	SLC6A4
cg11784785	SLC6A5
cg09588653	SLC6A7
cg05976074	SLC7A10
cg20622056	SLC7A3
cg24734575	SLC7A9
cg10807560	SLC8A1
cg22123464	SLC8A2
cg14174099	SLC8A3
cg02748539	SLC9A3
cg15583072	SLCO1A2;IAPP
cg00995065	SLCO1B1
cg18108623	SLFN11
cg19566405	SLFN12
cg22005565	SLFNL1
cg07143898	SLIT1
cg18972811	SLIT2
cg11732619	SLIT3
cg07104706	SLITRK1
cg27584469	SLITRK2
cg05801573	SLITRK4
cg07710481	SLITRK5
cg03294491	SMAD2
cg24447042	SMARCA1
cg11332994	SMN2
cg15239123	SMOC1
cg19297232	SMPD3
cg11799561	SMR3A
cg08113203	SMR3B
cg01720228	SMTNL2
cg25307902	SNAP25
cg21688264	SNAP91
cg16330965	SNAPC5
cg15452573	SNCA
cg05028467	SNCB;EIF4E1B
cg15087147	SND1;LRRC4
cg08993557	SNORD108
cg09839960	SNORD109B
cg18499731	SNORD109B;SNORD109A
cg03381111	SNORD116-1
cg11011602	SNORD24;MED22;RPL7A
cg13140267	SNRNP200
cg24899750	SNRPB2
cg26212229	SNRPD1
cg19803984	SNRPN
cg02125271	SNRPN;SNURF
cg14992108	SNTB1
cg08896053	SNTG1
cg19018097	SNX32
cg27635271	SNX33
cg10784813	SOCS1
cg27637521	SOCS3
cg25829729	SOHLH2
cg16415058	SORCS1
cg09551147	SORCS3
cg06424894	SORD
cg22303211	SOX1
cg08432727	SOX11
cg03811478	SOX14
cg01029592	SOX15
cg21226224	SOX17
cg26825412	SOX18
cg15105987	SOX2
cg19063972	SOX21
cg02847500	SOX3
cg10158080	SOX5
cg08056146	SOX7
cg21696393	SOX8
cg17607231	SP140
cg19787037	SPAG11B
cg04624659	SPAG17
cg06908778	SPAG6
cg01227519	SPANXD
cg08331313	SPARC
cg06577725	SPATA16
cg18457737	SPATA19
cg26845278	SPATA21
cg02423618	SPATA8
cg22970435	SPATS1
cg04786857	SPDYA
cg22222251	SPDYE1
cg16140179	SPERT
cg22609576	SPG20
cg15206445	SPG7
cg04072323	SPHKAP
cg22268231	SPIB
cg01917648	SPIC
cg19404190	SPINK7
cg23765993	SPINLW1
cg11432797	SPN
cg02491012	SPNS1
cg12832649	SPOCK1
cg06021171	SPOCK3
cg19099213	SPP2
cg26853640	SPRED3;GGN
cg04505023	SPRR1A
cg18780284	SPRR1B
cg18766755	SPRR2A
cg14826683	SPRR2D
cg00152644	SPRR2E
cg04138756	SPRR3
cg11653500	SPRY2
cg04962134	SPRYD5
cg16290693	SPSB1
cg22036988	SPSB4
cg22730004	SPTA1
cg04985144	SPTBN2
cg02630207	SRBD1
cg16935609	SRD5A1
cg15403517	SRD5A2
cg19481953	SRPX2
cg18705067	SRRM3
cg12514620	SSBP3
cg22285621	SSH3
cg13206017	SST
cg21547708	SSTR2
cg17586860	SSTR4
cg10575735	SSX4
cg00126657	SSX6
cg15329483	SSX7
cg00962799	SSX8
cg15905979	ST18
cg08666623	ST6GALNAC2
cg25732252	ST6GALNAC4
cg13823136	ST6GALNAC5
cg24723331	ST8SIA1
cg20339230	ST8SIA2
cg13320626	ST8SIA4
cg23129478	ST8SIA5
cg17471928	STAC2
cg18691434	STAG3;GPC2
cg12879425	STAP1
cg09630404	STAR
cg16777510	STAT5A
cg00436282	STATH
cg19728382	STC2
cg01883966	STK19;DOM3Z
cg14898779	STK31
cg11768886	STK32B
cg08788717	STK33
cg23326689	STMN2
cg02130905	STMN4
cg07190485	STOM
cg25061755	STON1-GTF2A1L;STON1
cg02657438	STON2
cg00075967	STRA6
cg18152517	STRA8
cg06813842	STRC
cg25033993	STX1B
cg26624914	SUGT1P1;AQP3
cg02283643	SULF1
cg13968390	SULT1C2
cg17966192	SULT1C4
cg05472874	SULT4A1
cg25307641	SURF2;SURF1
cg14862827	SUSD1
cg01705587	SV2A
cg05719902	SVOPL
cg17676129	SYCE1
cg18087477	SYCP1
cg05254049	SYN1
cg15873301	SYN2
cg20904010	SYN3
cg26620959	SYNE1
cg21053015	SYNGR1
cg26486663	SYNGR3
cg22333868	SYT1
cg23950724	SYT10
cg05368341	SYT6
cg08185661	SYT9
cg17188046	T
cg17829936	TAAR5
cg23887102	TAAR6
cg14221171	TAC1
cg26033710	TACR1
cg05389335	TACR3
cg26570233	TAF1D;C11orf54
cg20684973	TAF5
cg19797376	TAL1
cg12150401	TAS2R16
cg03017475	TAS2R38
cg08507270	TAS2R8
cg20090497	TAS2R9
cg22136365	TAT
cg11919694	TBC1D10B
cg12718562	TBC1D21
cg02601403	TBC1D3C
cg04901273	TBC1D3F
cg16722536	TBX1
cg02008154	TBX20
cg20209009	TBX21
cg15375586	TBX22
cg18536148	TBX4
cg21907579	TBX5
cg14116596	TBXAS1
cg10986043	TCAP
cg23163644	TCEAL2
cg16907024	TCEB3C
cg03943081	TCERG1L
cg22449114	TCF15
cg14532519	TCF20
cg10771262	TCF21
cg07714374	TCF4
cg02508567	TCF7L1
cg13282837	TCL1A
cg27504299	TCL1B
cg00187686	TCN1
cg13954572	TCP10
cg20857253	TCP10L
cg24110050	TCTEX1D1
cg07613153	TDRD9
cg12685753	TEKT1
cg02545192	TERT
cg06750167	TESC
cg10857345	TEX13B
cg19418958	TEX15
cg03019000	TEX264
cg24879335	TF
cg25226247	TFAP2B
cg18902203	TFDP1
cg08023692	TFDP3
cg06378976	TFEB
cg11158374	TFF2
cg22799321	TFPI2
cg12792367	TFR2
cg11976166	TGFB2
cg00386408	TGFBI
cg11371394	TGFBRAP1
cg08341924	TGM1
cg09111917	TGM4
cg24562819	THBD
cg21652958	THBS2
cg18110483	THBS4
cg18081104	THEM5
cg11819637	THPO
cg16114640	THSD1
cg12508624	THY1
cg04807655	TIAM1
cg07958192	TIGD2
cg20832020	TIGIT
cg14839898	TIMM8B;SDHD
cg16413535	TKTL2
cg15915418	TLE1
cg08570521	TLL1
cg15241084	TLR7
cg21578541	TLR9
cg11498156	TLX1;TLX1NB
cg25720804	TLX3
cg05445326	TM4SF19
cg17018527	TM6SF1
cg19290962	TMC2
cg03998348	TMCO5A
cg27112247	TMED2
cg15075170	TMEFF1
cg18221862	TMEFF2
cg08762247	TMEM100
cg21591452	TMEM105
cg26789453	TMEM116;ERP29
cg22836470	TMEM119
cg22634689	TMEM121
cg21505886	TMEM129;TACC3
cg15279364	TMEM130
cg03469054	TMEM132D
cg18338311	TMEM132E
cg06557358	TMEM132E;C17orf102
cg12968903	TMEM154
cg05396987	TMEM155;LOC100192379
cg27390220	TMEM158
cg24890043	TMEM163
cg21553524	TMEM178
cg00107187	TMEM179
cg14614901	TMEM215
cg02672493	TMEM22
cg20001829	TMEM25
cg20473453	TMEM27
cg16510657	TMEM35
cg03534410	TMEM40
cg14375111	TMEM43;CHCHD4
cg14346048	TMEM47
cg07379574	TMEM59L
cg02008416	TMEM61
cg12113132	TMEM62;CCNDBP1
cg15042080	TMEM74
cg16098981	TMEM90B
cg06399881	TMPRSS11B
cg02936740	TMPRSS11F
cg25608949	TMPRSS3
cg20368904	TNFAIP2
cg07086380	TNFAIP8
cg26530341	TNFRSF10A
cg27090216	TNFRSF10C
cg19620294	TNFRSF11B
cg18152830	TNFRSF13B
cg26189983	TNFRSF1B
cg02084087	TNFRSF25
cg19896198	TNFRSF8
cg21094154	TNFSF11
cg00031162	TNFSF12;TNFSF12-TNFSF13
cg19589427	TNFSF18
cg16517394	TNFSF4
cg24443250	TNFSF8
cg24855780	TNKS1BP1
cg18838701	TNNI3
cg18692273	TNNT2
cg08696192	TNS4
cg03543593	TNXB
cg27433062	TOMM40L;APOA2
cg20643416	TOMM70A
cg25558099	TOP3A;SMCR8
cg21374864	TOR1A
cg11319389	TOX2
cg21723486	TP63
cg16607065	TP73
cg04391111	TP73;WDR8
cg12205230	TPM3
cg26968812	TPM4
cg05873268	TPSAB1
cg08321330	TPSB2
cg01375871	TPSD1
cg13997068	TPSG1
cg16253412	TPST1
cg14462830	TRDN
cg01980222	TREM2
cg04454050	TREML1
cg26928682	TREML2
cg01009664	TRH
cg22268164	TRHR
cg27091343	TRIM15
cg23540518	TRIM17
cg13625403	TRIM29
cg00679556	TRIM31
cg12242338	TRIM42
cg15495837	TRIM43
cg02284188	TRIM49
cg13998293	TRIM63
cg13974531	TRIM72;PYDC1
cg03882305	TRIM74
cg03361068	TRIM9
cg04086012	TRIML1
cg23815306	TRIP13
cg13286902	TRMT2B
cg01610488	TRPA1
cg18474934	TRPC3
cg21432954	TRPC4
cg11277126	TRPC4AP
cg22799132	TRPC5;ZCCHC16
cg07013734	TRPC6
cg08191854	TRPM2
cg16509045	TRPM6
cg15746445	TRPM8
cg19615059	TRPV4
cg02198582	TSC2
cg00404599	TSC22D3
cg09390792	TSPAN18
cg03116740	TSPAN4;POLR2L
cg00186701	TSPYL5
cg16581199	TSSK1B;MCC
cg12447832	TTC15
cg09047884	TTLL1
cg21970438	TTLL2
cg15133917	TTN
cg01661993	TTYH1
cg05492113	TUB
cg06697251	TUBB4
cg07307078	TUBB6
cg12089439	TUSC3
cg24446548	TWIST1
cg03417466	TYR
cg25989745	TYRP1
cg03309967	U2AF1L4;PSENEN
cg04582938	UAP1L1
cg13578652	UBASH3A
cg19319069	UBE2H
cg02523617	UBE2K
cg25612480	UBE2V2
cg18766912	UBE3A
cg09096950	UBE4A
cg08151470	UBE4B
cg24346637	UBL4B
cg17704839	UBL5
cg01369413	UBQLN3
cg08319991	UCHL1
cg07957491	UCK1
cg04527918	UCN
cg10135708	UCN2
cg05125838	UCN2;COL7A1
cg23464269	UGT1A10;UGT1A6;UGT1A8;UGT1A4;UGT1A3;UGT1A9;UGT1A7;UGT1A5
cg19399100	UGT2A1
cg19481811	UGT2B17
cg04276232	UGT2B4
cg23317501	UGT3A1
cg07084163	UGT3A2
cg19147390	UHRF1
cg07456201	UMOD
cg13265789	UNC5C
cg14419187	UNC80
cg09682183	UNC93A
cg26728422	UNKL
cg02019333	UPK1B
cg17676574	UROC1
cg01252496	USE1
cg15590780	USH2A
cg18886444	USP4
cg21194776	USP54
cg12954718	USP6
cg12914014	USP7
cg09053680	UTF1
cg10500283	UTS2
cg23752985	VAMP8
cg08157638	VANGL1
cg18489434	VASH1
cg03455458	VASH2
cg09276451	VASN;CORO7
cg24662718	VAV3
cg00263760	VAX1
cg20699736	VAX2
cg04743650	VCAM1
cg00567749	VCAN
cg15812957	VCY
cg13378388	VEGFC
cg15565872	VEPH1;PTX3
cg08097755	VGF
cg11191210	VGLL2
cg20916523	VHL
cg04660410	VILL
cg12874092	VIM
cg10970409	VIPR1
cg18349835	VIPR2
cg08341874	VMO1
cg14844130	VPREB1
cg24664957	VPS37B
cg02082342	VSIG2
cg03775422	VSTM2A
cg06151165	VSX1
cg11525285	VSX2
cg17872476	VTI1A;ZDHHC6
cg04706338	VTN
cg04454951	VWC2
cg07744166	WASF3
cg01366419	WBSCR17
cg18443378	WDR17
cg09144786	WDR44
cg15044041	WDR52
cg21577049	WDR69
cg19135761	WDR8
cg24068372	WDR86
cg25876934	WEE1
cg22988566	WFDC10B;WFDC13
cg20485165	WFDC12
cg24765446	WFDC6
cg14217157	WHSC2
cg19427610	WIF1
cg10037068	WIPF1
cg10525372	WISP3
cg19718882	WIT1
cg22975913	WIT1;WT1
cg12707233	WNK3
cg19868691	WNT10A
cg24849648	WNT16
cg15647515	WNT2
cg01322134	WNT3A
cg00828602	WNT5A
cg16256504	WNT6
cg00625653	WNT7A
cg08603768	WNT8A
cg12006284	WT1
cg25563456	WT1;WIT1
cg25993152	XAGE5
cg12413566	XIRP1
cg00412772	YIF1B;C19orf33
cg15527554	YSK4
cg25298754	ZBED2;CD96
cg10218646	ZBTB11
cg12497692	ZBTB32
cg14186992	ZBTB48;TAS1R1
cg01782486	ZBTB7B
cg11619390	ZBTB8B
cg01112452	ZCCHC12
cg25670900	ZCCHC5
cg11272332	ZDHHC15
cg03327494	ZDHHC19
cg04435377	ZDHHC8P
cg15377518	ZEB2
cg23850212	ZFP28
cg04862249	ZFP3
cg12680609	ZFP41
cg25886284	ZFP82
cg05073035	ZIC1
cg13613682	ZIC3
cg02600430	ZIC5
cg06244906	ZIM2
cg19098268	ZIM2;PEG3;MIMT1
cg13877915	ZNF132
cg26446827	ZNF133
cg08849574	ZNF134
cg16638540	ZNF135
cg13714039	ZNF14
cg14037413	ZNF143
cg08668790	ZNF154
cg13794642	ZNF157
cg15264273	ZNF169
cg16022279	ZNF185
cg11706111	ZNF19
cg13885201	ZNF23
cg20176532	ZNF256
cg11140785	ZNF264
cg08088989	ZNF280A
cg26918645	ZNF285A
cg12346881	ZNF300
cg07494047	ZNF304
cg24484296	ZNF320
cg27401095	ZNF324
cg16969623	ZNF331
cg21168622	ZNF350
cg11538128	ZNF354C
cg01137532	ZNF365
cg18267381	ZNF385D
cg10332700	ZNF415
cg13858139	ZNF43
cg10347418	ZNF436
cg18129786	ZNF445
cg23037403	ZNF454
cg25549230	ZNF460
cg14289985	ZNF471
cg27480700	ZNF480
cg26760212	ZNF512B
cg23854009	ZNF530
cg12406559	ZNF532
cg22341310	ZNF541
cg26309134	ZNF542
cg14386312	ZNF544
cg07054095	ZNF549
cg04062391	ZNF560
cg03884783	ZNF569
cg08634464	ZNF57
cg02385791	ZNF570
cg23968383	ZNF572
cg11719283	ZNF574
cg12259537	ZNF606
cg03382346	ZNF611
cg17892556	ZNF625
cg01909378	ZNF645
cg22598028	ZNF660
cg26523005	ZNF662
cg00576250	ZNF663
cg03289872	ZNF667
cg19246110	ZNF671
cg18335068	ZNF677
cg08109646	ZNF683
cg12717203	ZNF718
cg13669583	ZNF747
cg19392138	ZNF75D;ZNF449
cg05924191	ZNF770
cg25875213	ZNF781
cg12582366	ZNF785
cg04803153	ZNF790
cg03109316	ZNF80
cg00554682	ZNF804A
cg27319898	ZNF804B
cg04386405	ZNF83
cg15690721	ZNF85
cg00882451	ZP2
cg03872376	ZP4;LOC100130331
cg21331821	ZSCAN1
cg20055101	ZSCAN10
cg02622316	ZSCAN12
cg06243556	ZSCAN18
cg19370284	ZSCAN21
cg07499806	ZSCAN5A
